[{"model": "contenttypes.contenttype", "fields": {"app_label": "admin", "model": "logentry"}}, {"model": "contenttypes.contenttype", "fields": {"app_label": "auth", "model": "permission"}}, {"model": "contenttypes.contenttype", "fields": {"app_label": "auth", "model": "group"}}, {"model": "contenttypes.contenttype", "fields": {"app_label": "auth", "model": "user"}}, {"model": "contenttypes.contenttype", "fields": {"app_label": "contenttypes", "model": "contenttype"}}, {"model": "contenttypes.contenttype", "fields": {"app_label": "sessions", "model": "session"}}, {"model": "contenttypes.contenttype", "fields": {"app_label": "Train_Travel_app", "model": "user"}}, {"model": "contenttypes.contenttype", "fields": {"app_label": "Train_Travel_app", "model": "station"}}, {"model": "contenttypes.contenttype", "fields": {"app_label": "Train_Travel_app", "model": "train"}}, {"model": "contenttypes.contenttype", "fields": {"app_label": "Train_Travel_app", "model": "trainstation"}}, {"model": "sessions.session", "pk": "2iam5rxns2qe1i8d6dizedyg0f116k9x", "fields": {"session_data": ".eJxVjMsOwiAQRf-FtSEDLQy6dN9vIDM8pGogKe3K-O_apAvd3nPOfQlP21r81tPi5yguQonT78YUHqnuIN6p3poMra7LzHJX5EG7nFpMz-vh_h0U6uVbO42cIjISoMk4WB1IcTCZlEFINhjMjq3KMJIaLQOcCeIQsoHoNA_i_QHqEDfs:1tZVQh:HweRIdsr3S7Ijj33rXxARpJ7TWP1bMrd5kLIGwgQO7Q", "expire_date": "2025-02-02T13:33:31.841Z"}}, {"model": "sessions.session", "pk": "63su0sodfxn4mnh0d5ojj5cf02xd6sbl", "fields": {"session_data": ".eJxVjMsOwiAQRf-FtSEDLQy6dN9vIDM8pGogKe3K-O_apAvd3nPOfQlP21r81tPi5yguQonT78YUHqnuIN6p3poMra7LzHJX5EG7nFpMz-vh_h0U6uVbO42cIjISoMk4WB1IcTCZlEFINhjMjq3KMJIaLQOcCeIQsoHoNA_i_QHqEDfs:1tZWUp:fClzNPJxtL7v8Feafs7qjFMJtk3YRzZ6SE7buuco65U", "expire_date": "2025-02-02T14:41:51.977Z"}}, {"model": "sessions.session", "pk": "dxc48sit2nqnxgyb4a11glh20la2hm40", "fields": {"session_data": ".eJxVjMsOwiAQRf-FtSEDLQy6dN9vIDM8pGogKe3K-O_apAvd3nPOfQlP21r81tPi5yguQonT78YUHqnuIN6p3poMra7LzHJX5EG7nFpMz-vh_h0U6uVbO42cIjISoMk4WB1IcTCZlEFINhjMjq3KMJIaLQOcCeIQsoHoNA_i_QHqEDfs:1tZV9J:ldAo7donpvGtGvZL9FlV6mLrf49LIDe3RWbS2JPLUV8", "expire_date": "2025-02-02T13:15:33.575Z"}}, {"model": "sessions.session", "pk": "gl6k1092l7erbznks6v2cuzvi3onddjg", "fields": {"session_data": ".eJxVjMsOwiAQRf-FtSEDLQy6dN9vIDM8pGogKe3K-O_apAvd3nPOfQlP21r81tPi5yguQonT78YUHqnuIN6p3poMra7LzHJX5EG7nFpMz-vh_h0U6uVbO42cIjISoMk4WB1IcTCZlEFINhjMjq3KMJIaLQOcCeIQsoHoNA_i_QHqEDfs:1tZX3A:RBCnkAQRExN6BkenLm-q_YBr53x5qu0FRyzpbYFP44E", "expire_date": "2025-02-02T15:17:20.864Z"}}, {"model": "sessions.session", "pk": "kwyavow9mcu29s9n8v6ekpjoebl3uttj", "fields": {"session_data": ".eJxVjMsOwiAQRf-FtSEDLQy6dN9vIDM8pGogKe3K-O_apAvd3nPOfQlP21r81tPi5yguQonT78YUHqnuIN6p3poMra7LzHJX5EG7nFpMz-vh_h0U6uVbO42cIjISoMk4WB1IcTCZlEFINhjMjq3KMJIaLQOcCeIQsoHoNA_i_QHqEDfs:1tZY5N:eZcIGRF2iiSR9g0yBgZ_Xk19sDkdUKf5yWaVkHY-wh4", "expire_date": "2025-02-02T16:23:41.121Z"}}, {"model": "Train_Travel_app.user", "pk": 1, "fields": {"first_name": "Neelesh", "last_name": "Rajpoot", "email": "neele@gmail.com", "password": "123@mahoba"}}, {"model": "Train_Travel_app.user", "pk": 2, "fields": {"first_name": "Neelesh", "last_name": "Rajpoot", "email": "neeleshrajpoot2351@gmail.com", "password": "123@mahoba"}}, {"model": "Train_Travel_app.station", "pk": 1, "fields": {"name": "Allahabad Jn", "code": "ALD", "location": "Allahabad Jn"}}, {"model": "Train_Travel_app.station", "pk": 2, "fields": {"name": "Naini", "code": "NYN", "location": "Naini"}}, {"model": "Train_Travel_app.station", "pk": 3, "fields": {"name": "Iradganj", "code": "IDG", "location": "Iradganj"}}, {"model": "Train_Travel_app.station", "pk": 4, "fields": {"name": "Jasra", "code": "JSR", "location": "Jasra"}}, {"model": "Train_Travel_app.station", "pk": 5, "fields": {"name": "Madaraha", "code": "MFX", "location": "Madaraha"}}, {"model": "Train_Travel_app.station", "pk": 6, "fields": {"name": "Lohgara", "code": "LOG", "location": "Lohgara"}}, {"model": "Train_Travel_app.station", "pk": 7, "fields": {"name": "Shankargarh", "code": "SRJ", "location": "Shankargarh"}}, {"model": "Train_Travel_app.station", "pk": 8, "fields": {"name": "Majhiari", "code": "MJHR", "location": "Majhiari"}}, {"model": "Train_Travel_app.station", "pk": 9, "fields": {"name": "Bargarh", "code": "BRGK", "location": "Bargarh"}}, {"model": "Train_Travel_app.station", "pk": 10, "fields": {"name": "Kataiya Dandi", "code": "KTD", "location": "Kataiya Dandi"}}, {"model": "Train_Travel_app.station", "pk": 11, "fields": {"name": "Dabhaura", "code": "DBR", "location": "Dabhaura"}}, {"model": "Train_Travel_app.station", "pk": 12, "fields": {"name": "Panhai", "code": "PNH", "location": "Panhai"}}, {"model": "Train_Travel_app.station", "pk": 13, "fields": {"name": "Badausa", "code": "BUS", "location": "Badausa"}}, {"model": "Train_Travel_app.station", "pk": 14, "fields": {"name": "Khurhand", "code": "KHU", "location": "Khurhand"}}, {"model": "Train_Travel_app.station", "pk": 15, "fields": {"name": "Dingwahi", "code": "DWI", "location": "Dingwahi"}}, {"model": "Train_Travel_app.station", "pk": 16, "fields": {"name": "Khairar", "code": "KID", "location": "Khairar"}}, {"model": "Train_Travel_app.station", "pk": 17, "fields": {"name": "Mataundh", "code": "MTH", "location": "Mataundh"}}, {"model": "Train_Travel_app.station", "pk": 18, "fields": {"name": "Kabrai", "code": "KBR", "location": "Kabrai"}}, {"model": "Train_Travel_app.station", "pk": 19, "fields": {"name": "Baripura", "code": "BPRA", "location": "Baripura"}}, {"model": "Train_Travel_app.station", "pk": 20, "fields": {"name": "Charkhari Road", "code": "CRC", "location": "Charkhari Road"}}, {"model": "Train_Travel_app.station", "pk": 21, "fields": {"name": "Ghutai", "code": "GTI", "location": "Ghutai"}}, {"model": "Train_Travel_app.station", "pk": 22, "fields": {"name": "Rora", "code": "ROR", "location": "Rora"}}, {"model": "Train_Travel_app.station", "pk": 23, "fields": {"name": "Ranipur Road", "code": "RNRD", "location": "Ranipur Road"}}, {"model": "Train_Travel_app.station", "pk": 24, "fields": {"name": "Teharka", "code": "TKA", "location": "Teharka"}}, {"model": "Train_Travel_app.station", "pk": 25, "fields": {"name": "Magarpur", "code": "MGRR", "location": "Magarpur"}}, {"model": "Train_Travel_app.station", "pk": 26, "fields": {"name": "Barwa Sagar", "code": "BWRO", "location": "Barwa Sagar"}}, {"model": "Train_Travel_app.station", "pk": 27, "fields": {"name": "Orchha", "code": "ORC", "location": "Orchha"}}, {"model": "Train_Travel_app.station", "pk": 28, "fields": {"name": "Kulpahar", "code": "KLAR", "location": "Kulpahar"}}, {"model": "Train_Travel_app.station", "pk": 29, "fields": {"name": "Shivrampur", "code": "SWC", "location": "Shivrampur"}}, {"model": "Train_Travel_app.station", "pk": 30, "fields": {"name": "Bharat Kup", "code": "BTKP", "location": "Bharat Kup"}}, {"model": "Train_Travel_app.station", "pk": 31, "fields": {"name": "Manikpur Junction", "code": "MNK", "location": "Manikpur Junction"}}, {"model": "Train_Travel_app.station", "pk": 32, "fields": {"name": "Hazrat Nizamuddin", "code": "NZM", "location": "Hazrat Nizamuddin"}}, {"model": "Train_Travel_app.station", "pk": 33, "fields": {"name": "Ballabgarh", "code": "BVH", "location": "Ballabgarh"}}, {"model": "Train_Travel_app.station", "pk": 34, "fields": {"name": "Palwal", "code": "PWL", "location": "Palwal"}}, {"model": "Train_Travel_app.station", "pk": 35, "fields": {"name": "Kosi Kalan", "code": "KSV", "location": "Kosi Kalan"}}, {"model": "Train_Travel_app.station", "pk": 36, "fields": {"name": "Mathura Jn", "code": "MTJ", "location": "Mathura Jn"}}, {"model": "Train_Travel_app.station", "pk": 37, "fields": {"name": "Raja Ki Mandi", "code": "RKMA", "location": "Raja Ki Mandi"}}, {"model": "Train_Travel_app.station", "pk": 38, "fields": {"name": "Agra Cantt", "code": "AGC", "location": "Agra Cantt"}}, {"model": "Train_Travel_app.station", "pk": 39, "fields": {"name": "Dhaulpur", "code": "DHO", "location": "Dhaulpur"}}, {"model": "Train_Travel_app.station", "pk": 40, "fields": {"name": "Morena", "code": "MRA", "location": "Morena"}}, {"model": "Train_Travel_app.station", "pk": 41, "fields": {"name": "Gwalior Jn", "code": "GWL", "location": "Gwalior Jn"}}, {"model": "Train_Travel_app.station", "pk": 42, "fields": {"name": "Dabra", "code": "DBA", "location": "Dabra"}}, {"model": "Train_Travel_app.station", "pk": 43, "fields": {"name": "Datia", "code": "DAA", "location": "Datia"}}, {"model": "Train_Travel_app.station", "pk": 44, "fields": {"name": "Jhanshi", "code": "JHS", "location": "Jhanshi"}}, {"model": "Train_Travel_app.station", "pk": 45, "fields": {"name": "Niwari", "code": "NEW", "location": "Niwari"}}, {"model": "Train_Travel_app.station", "pk": 46, "fields": {"name": "Mau Ranipur", "code": "MRPR", "location": "Mau Ranipur"}}, {"model": "Train_Travel_app.station", "pk": 47, "fields": {"name": "Harpalpur", "code": "HPP", "location": "Harpalpur"}}, {"model": "Train_Travel_app.station", "pk": 48, "fields": {"name": "Bela Tal", "code": "BTX", "location": "Bela Tal"}}, {"model": "Train_Travel_app.station", "pk": 49, "fields": {"name": "Mahoba Jn", "code": "MBA", "location": "Mahoba Jn"}}, {"model": "Train_Travel_app.station", "pk": 50, "fields": {"name": "Banda Jn", "code": "BNDA", "location": "Banda Jn"}}, {"model": "Train_Travel_app.station", "pk": 51, "fields": {"name": "Atarra", "code": "ATE", "location": "Atarra"}}, {"model": "Train_Travel_app.station", "pk": 52, "fields": {"name": "Chitrakot", "code": "CKT", "location": "Chitrakot"}}, {"model": "Train_Travel_app.station", "pk": 53, "fields": {"name": "Majhgawan", "code": "MJG", "location": "Majhgawan"}}, {"model": "Train_Travel_app.station", "pk": 54, "fields": {"name": "Jaitwar", "code": "JTW", "location": "Jaitwar"}}, {"model": "Train_Travel_app.station", "pk": 55, "fields": {"name": "Satna Jn", "code": "STA", "location": "Satna Jn"}}, {"model": "Train_Travel_app.station", "pk": 56, "fields": {"name": "Maihar", "code": "MYR", "location": "Maihar"}}, {"model": "Train_Travel_app.station", "pk": 57, "fields": {"name": "Katni Jn", "code": "KTE", "location": "Katni Jn"}}, {"model": "Train_Travel_app.station", "pk": 58, "fields": {"name": "Sihora Road", "code": "SHRJ", "location": "Sihora Road"}}, {"model": "Train_Travel_app.station", "pk": 59, "fields": {"name": "Jabalpur", "code": "JBP", "location": "Jabalpur"}}, {"model": "Train_Travel_app.train", "pk": 1, "fields": {"train_number": "12190", "train_name": "Mahakoshal Express", "origin": 32, "destination": 59}}, {"model": "Train_Travel_app.train", "pk": 2, "fields": {"train_number": "12448", "train_name": "Uttar Pradesh Sampark kranti Express", "origin": 32, "destination": 31}}, {"model": "Train_Travel_app.trainstation", "pk": 1, "fields": {"train": 1, "station": 32, "arrival_time": "12:30:00", "departure_time": "12:53:00", "stop_number": 1, "platform_number": "8"}}, {"model": "Train_Travel_app.trainstation", "pk": 2, "fields": {"train": 1, "station": 33, "arrival_time": "13:14:00", "departure_time": "13:16:00", "stop_number": 2, "platform_number": "4"}}, {"model": "Train_Travel_app.trainstation", "pk": 3, "fields": {"train": 1, "station": 34, "arrival_time": "13:41:00", "departure_time": "13:43:00", "stop_number": 3, "platform_number": "5"}}, {"model": "Train_Travel_app.trainstation", "pk": 4, "fields": {"train": 1, "station": 35, "arrival_time": "14:02:00", "departure_time": "14:04:00", "stop_number": 4, "platform_number": "3"}}, {"model": "Train_Travel_app.trainstation", "pk": 5, "fields": {"train": 1, "station": 36, "arrival_time": "14:45:00", "departure_time": "14:50:00", "stop_number": 5, "platform_number": "1"}}, {"model": "Train_Travel_app.trainstation", "pk": 6, "fields": {"train": 1, "station": 37, "arrival_time": "15:20:00", "departure_time": "15:22:00", "stop_number": 6, "platform_number": "2"}}, {"model": "Train_Travel_app.trainstation", "pk": 7, "fields": {"train": 1, "station": 38, "arrival_time": "15:30:00", "departure_time": "15:35:00", "stop_number": 7, "platform_number": "1"}}, {"model": "Train_Travel_app.trainstation", "pk": 8, "fields": {"train": 1, "station": 39, "arrival_time": "16:30:00", "departure_time": "16:32:00", "stop_number": 8, "platform_number": "4"}}, {"model": "Train_Travel_app.trainstation", "pk": 9, "fields": {"train": 1, "station": 40, "arrival_time": "17:01:00", "departure_time": "17:03:00", "stop_number": 9, "platform_number": "1"}}, {"model": "Train_Travel_app.trainstation", "pk": 10, "fields": {"train": 1, "station": 41, "arrival_time": "17:51:00", "departure_time": "17:53:00", "stop_number": 10, "platform_number": "1"}}, {"model": "Train_Travel_app.trainstation", "pk": 11, "fields": {"train": 1, "station": 42, "arrival_time": "18:28:00", "departure_time": "18:30:00", "stop_number": 11, "platform_number": "2"}}, {"model": "Train_Travel_app.trainstation", "pk": 12, "fields": {"train": 1, "station": 43, "arrival_time": "18:54:00", "departure_time": "18:56:00", "stop_number": 12, "platform_number": "2"}}, {"model": "Train_Travel_app.trainstation", "pk": 13, "fields": {"train": 1, "station": 44, "arrival_time": "19:30:00", "departure_time": "19:35:00", "stop_number": 13, "platform_number": "2"}}, {"model": "Train_Travel_app.trainstation", "pk": 14, "fields": {"train": 1, "station": 45, "arrival_time": "20:02:00", "departure_time": "20:04:00", "stop_number": 14, "platform_number": "1"}}, {"model": "Train_Travel_app.trainstation", "pk": 15, "fields": {"train": 1, "station": 46, "arrival_time": "20:29:00", "departure_time": "20:31:00", "stop_number": 15, "platform_number": "2"}}, {"model": "Train_Travel_app.trainstation", "pk": 16, "fields": {"train": 1, "station": 47, "arrival_time": "20:49:00", "departure_time": "20:51:00", "stop_number": 16, "platform_number": "1"}}, {"model": "Train_Travel_app.trainstation", "pk": 17, "fields": {"train": 1, "station": 48, "arrival_time": "20:10:00", "departure_time": "20:12:00", "stop_number": 17, "platform_number": "1"}}, {"model": "Train_Travel_app.trainstation", "pk": 18, "fields": {"train": 1, "station": 49, "arrival_time": "21:28:00", "departure_time": "21:40:00", "stop_number": 18, "platform_number": "1"}}, {"model": "Train_Travel_app.trainstation", "pk": 19, "fields": {"train": 1, "station": 50, "arrival_time": "23:00:00", "departure_time": "23:05:00", "stop_number": 19, "platform_number": "1"}}, {"model": "Train_Travel_app.trainstation", "pk": 20, "fields": {"train": 1, "station": 51, "arrival_time": "23:44:00", "departure_time": "23:46:00", "stop_number": 20, "platform_number": "1"}}, {"model": "Train_Travel_app.trainstation", "pk": 21, "fields": {"train": 1, "station": 52, "arrival_time": "00:23:00", "departure_time": "00:25:00", "stop_number": 21, "platform_number": "1"}}, {"model": "Train_Travel_app.trainstation", "pk": 22, "fields": {"train": 1, "station": 53, "arrival_time": "02:03:00", "departure_time": "02:05:00", "stop_number": 22, "platform_number": "1"}}, {"model": "Train_Travel_app.trainstation", "pk": 23, "fields": {"train": 1, "station": 54, "arrival_time": "02:23:00", "departure_time": "02:25:00", "stop_number": 23, "platform_number": "1"}}, {"model": "Train_Travel_app.trainstation", "pk": 24, "fields": {"train": 1, "station": 55, "arrival_time": "02:45:00", "departure_time": "02:50:00", "stop_number": 24, "platform_number": "1"}}, {"model": "Train_Travel_app.trainstation", "pk": 25, "fields": {"train": 1, "station": 56, "arrival_time": "03:18:00", "departure_time": "03:20:00", "stop_number": 25, "platform_number": "2"}}, {"model": "Train_Travel_app.trainstation", "pk": 26, "fields": {"train": 1, "station": 57, "arrival_time": "04:05:00", "departure_time": "04:10:00", "stop_number": 26, "platform_number": "5"}}, {"model": "Train_Travel_app.trainstation", "pk": 27, "fields": {"train": 1, "station": 58, "arrival_time": "04:58:00", "departure_time": "05:00:00", "stop_number": 27, "platform_number": "2"}}, {"model": "Train_Travel_app.trainstation", "pk": 28, "fields": {"train": 1, "station": 59, "arrival_time": "05:55:00", "departure_time": "06:00:00", "stop_number": 28, "platform_number": "3"}}, {"model": "Train_Travel_app.trainstation", "pk": 29, "fields": {"train": 2, "station": 32, "arrival_time": "19:00:00", "departure_time": "20:00:00", "stop_number": 1, "platform_number": "6"}}, {"model": "Train_Travel_app.trainstation", "pk": 30, "fields": {"train": 2, "station": 36, "arrival_time": "21:18:00", "departure_time": "21:20:00", "stop_number": 2, "platform_number": "1"}}, {"model": "Train_Travel_app.trainstation", "pk": 31, "fields": {"train": 2, "station": 38, "arrival_time": "22:10:00", "departure_time": "22:15:00", "stop_number": 3, "platform_number": "2"}}, {"model": "Train_Travel_app.trainstation", "pk": 32, "fields": {"train": 2, "station": 44, "arrival_time": "01:20:00", "departure_time": "01:28:00", "stop_number": 4, "platform_number": "1"}}, {"model": "Train_Travel_app.trainstation", "pk": 33, "fields": {"train": 2, "station": 46, "arrival_time": "02:22:00", "departure_time": "02:24:00", "stop_number": 5, "platform_number": "2"}}, {"model": "Train_Travel_app.trainstation", "pk": 34, "fields": {"train": 2, "station": 47, "arrival_time": "02:43:00", "departure_time": "02:45:00", "stop_number": 6, "platform_number": "1"}}, {"model": "Train_Travel_app.trainstation", "pk": 35, "fields": {"train": 2, "station": 28, "arrival_time": "03:08:00", "departure_time": "03:10:00", "stop_number": 7, "platform_number": "1"}}, {"model": "Train_Travel_app.trainstation", "pk": 36, "fields": {"train": 2, "station": 49, "arrival_time": "03:27:00", "departure_time": "03:29:00", "stop_number": 8, "platform_number": "1"}}, {"model": "Train_Travel_app.trainstation", "pk": 37, "fields": {"train": 2, "station": 50, "arrival_time": "05:00:00", "departure_time": "05:05:00", "stop_number": 9, "platform_number": "1"}}, {"model": "Train_Travel_app.trainstation", "pk": 38, "fields": {"train": 2, "station": 51, "arrival_time": "05:30:00", "departure_time": "05:32:00", "stop_number": 10, "platform_number": "1"}}, {"model": "Train_Travel_app.trainstation", "pk": 39, "fields": {"train": 2, "station": 30, "arrival_time": "05:45:00", "departure_time": "05:47:00", "stop_number": 11, "platform_number": "1"}}, {"model": "Train_Travel_app.trainstation", "pk": 40, "fields": {"train": 2, "station": 29, "arrival_time": "05:53:00", "departure_time": "05:55:00", "stop_number": 12, "platform_number": "1"}}, {"model": "Train_Travel_app.trainstation", "pk": 41, "fields": {"train": 2, "station": 52, "arrival_time": "06:00:00", "departure_time": "06:02:00", "stop_number": 13, "platform_number": "1"}}, {"model": "Train_Travel_app.trainstation", "pk": 42, "fields": {"train": 2, "station": 31, "arrival_time": "07:30:00", "departure_time": "08:00:00", "stop_number": 14, "platform_number": "4"}}, {"model": "auth.permission", "fields": {"name": "Can add log entry", "content_type": ["admin", "logentry"], "codename": "add_logentry"}}, {"model": "auth.permission", "fields": {"name": "Can change log entry", "content_type": ["admin", "logentry"], "codename": "change_logentry"}}, {"model": "auth.permission", "fields": {"name": "Can delete log entry", "content_type": ["admin", "logentry"], "codename": "delete_logentry"}}, {"model": "auth.permission", "fields": {"name": "Can view log entry", "content_type": ["admin", "logentry"], "codename": "view_logentry"}}, {"model": "auth.permission", "fields": {"name": "Can add permission", "content_type": ["auth", "permission"], "codename": "add_permission"}}, {"model": "auth.permission", "fields": {"name": "Can change permission", "content_type": ["auth", "permission"], "codename": "change_permission"}}, {"model": "auth.permission", "fields": {"name": "Can delete permission", "content_type": ["auth", "permission"], "codename": "delete_permission"}}, {"model": "auth.permission", "fields": {"name": "Can view permission", "content_type": ["auth", "permission"], "codename": "view_permission"}}, {"model": "auth.permission", "fields": {"name": "Can add group", "content_type": ["auth", "group"], "codename": "add_group"}}, {"model": "auth.permission", "fields": {"name": "Can change group", "content_type": ["auth", "group"], "codename": "change_group"}}, {"model": "auth.permission", "fields": {"name": "Can delete group", "content_type": ["auth", "group"], "codename": "delete_group"}}, {"model": "auth.permission", "fields": {"name": "Can view group", "content_type": ["auth", "group"], "codename": "view_group"}}, {"model": "auth.permission", "fields": {"name": "Can add user", "content_type": ["auth", "user"], "codename": "add_user"}}, {"model": "auth.permission", "fields": {"name": "Can change user", "content_type": ["auth", "user"], "codename": "change_user"}}, {"model": "auth.permission", "fields": {"name": "Can delete user", "content_type": ["auth", "user"], "codename": "delete_user"}}, {"model": "auth.permission", "fields": {"name": "Can view user", "content_type": ["auth", "user"], "codename": "view_user"}}, {"model": "auth.permission", "fields": {"name": "Can add content type", "content_type": ["contenttypes", "contenttype"], "codename": "add_contenttype"}}, {"model": "auth.permission", "fields": {"name": "Can change content type", "content_type": ["contenttypes", "contenttype"], "codename": "change_contenttype"}}, {"model": "auth.permission", "fields": {"name": "Can delete content type", "content_type": ["contenttypes", "contenttype"], "codename": "delete_contenttype"}}, {"model": "auth.permission", "fields": {"name": "Can view content type", "content_type": ["contenttypes", "contenttype"], "codename": "view_contenttype"}}, {"model": "auth.permission", "fields": {"name": "Can add session", "content_type": ["sessions", "session"], "codename": "add_session"}}, {"model": "auth.permission", "fields": {"name": "Can change session", "content_type": ["sessions", "session"], "codename": "change_session"}}, {"model": "auth.permission", "fields": {"name": "Can delete session", "content_type": ["sessions", "session"], "codename": "delete_session"}}, {"model": "auth.permission", "fields": {"name": "Can view session", "content_type": ["sessions", "session"], "codename": "view_session"}}, {"model": "auth.permission", "fields": {"name": "Can add user", "content_type": ["Train_Travel_app", "user"], "codename": "add_user"}}, {"model": "auth.permission", "fields": {"name": "Can change user", "content_type": ["Train_Travel_app", "user"], "codename": "change_user"}}, {"model": "auth.permission", "fields": {"name": "Can delete user", "content_type": ["Train_Travel_app", "user"], "codename": "delete_user"}}, {"model": "auth.permission", "fields": {"name": "Can view user", "content_type": ["Train_Travel_app", "user"], "codename": "view_user"}}, {"model": "auth.permission", "fields": {"name": "Can add station", "content_type": ["Train_Travel_app", "station"], "codename": "add_station"}}, {"model": "auth.permission", "fields": {"name": "Can change station", "content_type": ["Train_Travel_app", "station"], "codename": "change_station"}}, {"model": "auth.permission", "fields": {"name": "Can delete station", "content_type": ["Train_Travel_app", "station"], "codename": "delete_station"}}, {"model": "auth.permission", "fields": {"name": "Can view station", "content_type": ["Train_Travel_app", "station"], "codename": "view_station"}}, {"model": "auth.permission", "fields": {"name": "Can add train", "content_type": ["Train_Travel_app", "train"], "codename": "add_train"}}, {"model": "auth.permission", "fields": {"name": "Can change train", "content_type": ["Train_Travel_app", "train"], "codename": "change_train"}}, {"model": "auth.permission", "fields": {"name": "Can delete train", "content_type": ["Train_Travel_app", "train"], "codename": "delete_train"}}, {"model": "auth.permission", "fields": {"name": "Can view train", "content_type": ["Train_Travel_app", "train"], "codename": "view_train"}}, {"model": "auth.permission", "fields": {"name": "Can add train station", "content_type": ["Train_Travel_app", "trainstation"], "codename": "add_trainstation"}}, {"model": "auth.permission", "fields": {"name": "Can change train station", "content_type": ["Train_Travel_app", "trainstation"], "codename": "change_trainstation"}}, {"model": "auth.permission", "fields": {"name": "Can delete train station", "content_type": ["Train_Travel_app", "trainstation"], "codename": "delete_trainstation"}}, {"model": "auth.permission", "fields": {"name": "Can view train station", "content_type": ["Train_Travel_app", "trainstation"], "codename": "view_trainstation"}}, {"model": "auth.user", "fields": {"password": "pbkdf2_sha256$870000$pCePhNXLLraf7OyHxBzDJZ$XEfrkLpGwOZ9pega95kdPvm7wMX6oXqUMMVxcXLy3Ts=", "last_login": "2025-01-19T16:23:41.121Z", "is_superuser": true, "username": "neele", "first_name": "", "last_name": "", "email": "neeleshrajpoot2351@gmail.com", "is_staff": true, "is_active": true, "date_joined": "2025-01-19T13:15:03.107Z", "groups": [], "user_permissions": []}}, {"model": "admin.logentry", "pk": 1, "fields": {"action_time": "2025-01-19T14:42:44.892Z", "user": ["neele"], "content_type": ["Train_Travel_app", "station"], "object_id": "1", "object_repr": "Allahabad Jn", "action_flag": 1, "change_message": "[{\"added\": {}}]"}}, {"model": "admin.logentry", "pk": 2, "fields": {"action_time": "2025-01-19T14:43:30.929Z", "user": ["neele"], "content_type": ["Train_Travel_app", "station"], "object_id": "2", "object_repr": "Naini", "action_flag": 1, "change_message": "[{\"added\": {}}]"}}, {"model": "admin.logentry", "pk": 3, "fields": {"action_time": "2025-01-19T14:47:21.092Z", "user": ["neele"], "content_type": ["Train_Travel_app", "station"], "object_id": "3", "object_repr": "Iradganj", "action_flag": 1, "change_message": "[{\"added\": {}}]"}}, {"model": "admin.logentry", "pk": 4, "fields": {"action_time": "2025-01-19T14:47:41.850Z", "user": ["neele"], "content_type": ["Train_Travel_app", "station"], "object_id": "4", "object_repr": "Jasra", "action_flag": 1, "change_message": "[{\"added\": {}}]"}}, {"model": "admin.logentry", "pk": 5, "fields": {"action_time": "2025-01-19T14:48:07.925Z", "user": ["neele"], "content_type": ["Train_Travel_app", "station"], "object_id": "5", "object_repr": "Madaraha", "action_flag": 1, "change_message": "[{\"added\": {}}]"}}, {"model": "admin.logentry", "pk": 6, "fields": {"action_time": "2025-01-19T14:48:43.048Z", "user": ["neele"], "content_type": ["Train_Travel_app", "station"], "object_id": "6", "object_repr": "Lohgara", "action_flag": 1, "change_message": "[{\"added\": {}}]"}}, {"model": "admin.logentry", "pk": 7, "fields": {"action_time": "2025-01-19T14:49:30.255Z", "user": ["neele"], "content_type": ["Train_Travel_app", "station"], "object_id": "7", "object_repr": "Shankargarh", "action_flag": 1, "change_message": "[{\"added\": {}}]"}}, {"model": "admin.logentry", "pk": 8, "fields": {"action_time": "2025-01-19T14:49:53.258Z", "user": ["neele"], "content_type": ["Train_Travel_app", "station"], "object_id": "8", "object_repr": "Majhiari", "action_flag": 1, "change_message": "[{\"added\": {}}]"}}, {"model": "admin.logentry", "pk": 9, "fields": {"action_time": "2025-01-19T14:50:12.152Z", "user": ["neele"], "content_type": ["Train_Travel_app", "station"], "object_id": "9", "object_repr": "Bargarh", "action_flag": 1, "change_message": "[{\"added\": {}}]"}}, {"model": "admin.logentry", "pk": 10, "fields": {"action_time": "2025-01-19T14:50:39.143Z", "user": ["neele"], "content_type": ["Train_Travel_app", "station"], "object_id": "10", "object_repr": "Kataiya Dandi", "action_flag": 1, "change_message": "[{\"added\": {}}]"}}, {"model": "admin.logentry", "pk": 11, "fields": {"action_time": "2025-01-19T14:51:05.137Z", "user": ["neele"], "content_type": ["Train_Travel_app", "station"], "object_id": "11", "object_repr": "Dabhaura", "action_flag": 1, "change_message": "[{\"added\": {}}]"}}, {"model": "admin.logentry", "pk": 12, "fields": {"action_time": "2025-01-19T14:51:45.723Z", "user": ["neele"], "content_type": ["Train_Travel_app", "station"], "object_id": "12", "object_repr": "Panhai", "action_flag": 1, "change_message": "[{\"added\": {}}]"}}, {"model": "admin.logentry", "pk": 13, "fields": {"action_time": "2025-01-19T14:52:12.025Z", "user": ["neele"], "content_type": ["Train_Travel_app", "station"], "object_id": "13", "object_repr": "Badausa", "action_flag": 1, "change_message": "[{\"added\": {}}]"}}, {"model": "admin.logentry", "pk": 14, "fields": {"action_time": "2025-01-19T14:52:31.060Z", "user": ["neele"], "content_type": ["Train_Travel_app", "station"], "object_id": "14", "object_repr": "Khurhand", "action_flag": 1, "change_message": "[{\"added\": {}}]"}}, {"model": "admin.logentry", "pk": 15, "fields": {"action_time": "2025-01-19T14:52:50.838Z", "user": ["neele"], "content_type": ["Train_Travel_app", "station"], "object_id": "15", "object_repr": "Dingwahi", "action_flag": 1, "change_message": "[{\"added\": {}}]"}}, {"model": "admin.logentry", "pk": 16, "fields": {"action_time": "2025-01-19T14:53:10.856Z", "user": ["neele"], "content_type": ["Train_Travel_app", "station"], "object_id": "16", "object_repr": "Khairar", "action_flag": 1, "change_message": "[{\"added\": {}}]"}}, {"model": "admin.logentry", "pk": 17, "fields": {"action_time": "2025-01-19T14:53:33.461Z", "user": ["neele"], "content_type": ["Train_Travel_app", "station"], "object_id": "17", "object_repr": "Mataundh", "action_flag": 1, "change_message": "[{\"added\": {}}]"}}, {"model": "admin.logentry", "pk": 18, "fields": {"action_time": "2025-01-19T14:53:54.583Z", "user": ["neele"], "content_type": ["Train_Travel_app", "station"], "object_id": "18", "object_repr": "Kabrai", "action_flag": 1, "change_message": "[{\"added\": {}}]"}}, {"model": "admin.logentry", "pk": 19, "fields": {"action_time": "2025-01-19T14:54:11.642Z", "user": ["neele"], "content_type": ["Train_Travel_app", "station"], "object_id": "19", "object_repr": "Baripura", "action_flag": 1, "change_message": "[{\"added\": {}}]"}}, {"model": "admin.logentry", "pk": 20, "fields": {"action_time": "2025-01-19T14:54:37.119Z", "user": ["neele"], "content_type": ["Train_Travel_app", "station"], "object_id": "20", "object_repr": "Charkhari Road", "action_flag": 1, "change_message": "[{\"added\": {}}]"}}, {"model": "admin.logentry", "pk": 21, "fields": {"action_time": "2025-01-19T14:54:57.814Z", "user": ["neele"], "content_type": ["Train_Travel_app", "station"], "object_id": "21", "object_repr": "Ghutai", "action_flag": 1, "change_message": "[{\"added\": {}}]"}}, {"model": "admin.logentry", "pk": 22, "fields": {"action_time": "2025-01-19T14:55:24.430Z", "user": ["neele"], "content_type": ["Train_Travel_app", "station"], "object_id": "22", "object_repr": "Rora", "action_flag": 1, "change_message": "[{\"added\": {}}]"}}, {"model": "admin.logentry", "pk": 23, "fields": {"action_time": "2025-01-19T14:57:14.802Z", "user": ["neele"], "content_type": ["Train_Travel_app", "station"], "object_id": "23", "object_repr": "Ranipur Road", "action_flag": 1, "change_message": "[{\"added\": {}}]"}}, {"model": "admin.logentry", "pk": 24, "fields": {"action_time": "2025-01-19T14:57:35.479Z", "user": ["neele"], "content_type": ["Train_Travel_app", "station"], "object_id": "24", "object_repr": "Teharka", "action_flag": 1, "change_message": "[{\"added\": {}}]"}}, {"model": "admin.logentry", "pk": 25, "fields": {"action_time": "2025-01-19T14:58:01.471Z", "user": ["neele"], "content_type": ["Train_Travel_app", "station"], "object_id": "25", "object_repr": "Magarpur", "action_flag": 1, "change_message": "[{\"added\": {}}]"}}, {"model": "admin.logentry", "pk": 26, "fields": {"action_time": "2025-01-19T14:58:26.095Z", "user": ["neele"], "content_type": ["Train_Travel_app", "station"], "object_id": "26", "object_repr": "Barwa Sagar", "action_flag": 1, "change_message": "[{\"added\": {}}]"}}, {"model": "admin.logentry", "pk": 27, "fields": {"action_time": "2025-01-19T14:58:48.764Z", "user": ["neele"], "content_type": ["Train_Travel_app", "station"], "object_id": "27", "object_repr": "Orchha", "action_flag": 1, "change_message": "[{\"added\": {}}]"}}, {"model": "admin.logentry", "pk": 28, "fields": {"action_time": "2025-01-19T14:59:08.433Z", "user": ["neele"], "content_type": ["Train_Travel_app", "station"], "object_id": "28", "object_repr": "Kulpahar", "action_flag": 1, "change_message": "[{\"added\": {}}]"}}, {"model": "admin.logentry", "pk": 29, "fields": {"action_time": "2025-01-19T14:59:25.155Z", "user": ["neele"], "content_type": ["Train_Travel_app", "station"], "object_id": "29", "object_repr": "Shivrampur", "action_flag": 1, "change_message": "[{\"added\": {}}]"}}, {"model": "admin.logentry", "pk": 30, "fields": {"action_time": "2025-01-19T14:59:40.523Z", "user": ["neele"], "content_type": ["Train_Travel_app", "station"], "object_id": "30", "object_repr": "Bharat Kup", "action_flag": 1, "change_message": "[{\"added\": {}}]"}}, {"model": "admin.logentry", "pk": 31, "fields": {"action_time": "2025-01-19T15:00:11.731Z", "user": ["neele"], "content_type": ["Train_Travel_app", "station"], "object_id": "31", "object_repr": "Manikpur Junction", "action_flag": 1, "change_message": "[{\"added\": {}}]"}}, {"model": "admin.logentry", "pk": 32, "fields": {"action_time": "2025-01-19T15:00:29.008Z", "user": ["neele"], "content_type": ["Train_Travel_app", "station"], "object_id": "32", "object_repr": "Hazrat Nizamuddin", "action_flag": 1, "change_message": "[{\"added\": {}}]"}}, {"model": "admin.logentry", "pk": 33, "fields": {"action_time": "2025-01-19T15:00:48.950Z", "user": ["neele"], "content_type": ["Train_Travel_app", "station"], "object_id": "33", "object_repr": "Ballabgarh", "action_flag": 1, "change_message": "[{\"added\": {}}]"}}, {"model": "admin.logentry", "pk": 34, "fields": {"action_time": "2025-01-19T15:01:04.795Z", "user": ["neele"], "content_type": ["Train_Travel_app", "station"], "object_id": "34", "object_repr": "Palwal", "action_flag": 1, "change_message": "[{\"added\": {}}]"}}, {"model": "admin.logentry", "pk": 35, "fields": {"action_time": "2025-01-19T15:01:20.823Z", "user": ["neele"], "content_type": ["Train_Travel_app", "station"], "object_id": "35", "object_repr": "Kosi Kalan", "action_flag": 1, "change_message": "[{\"added\": {}}]"}}, {"model": "admin.logentry", "pk": 36, "fields": {"action_time": "2025-01-19T15:01:48.330Z", "user": ["neele"], "content_type": ["Train_Travel_app", "station"], "object_id": "36", "object_repr": "Mathura Jn", "action_flag": 1, "change_message": "[{\"added\": {}}]"}}, {"model": "admin.logentry", "pk": 37, "fields": {"action_time": "2025-01-19T15:02:04.896Z", "user": ["neele"], "content_type": ["Train_Travel_app", "station"], "object_id": "37", "object_repr": "Raja Ki Mandi", "action_flag": 1, "change_message": "[{\"added\": {}}]"}}, {"model": "admin.logentry", "pk": 38, "fields": {"action_time": "2025-01-19T15:02:18.721Z", "user": ["neele"], "content_type": ["Train_Travel_app", "station"], "object_id": "38", "object_repr": "Agra Cantt", "action_flag": 1, "change_message": "[{\"added\": {}}]"}}, {"model": "admin.logentry", "pk": 39, "fields": {"action_time": "2025-01-19T15:02:34.769Z", "user": ["neele"], "content_type": ["Train_Travel_app", "station"], "object_id": "39", "object_repr": "Dhaulpur", "action_flag": 1, "change_message": "[{\"added\": {}}]"}}, {"model": "admin.logentry", "pk": 40, "fields": {"action_time": "2025-01-19T15:02:50.832Z", "user": ["neele"], "content_type": ["Train_Travel_app", "station"], "object_id": "40", "object_repr": "Morena", "action_flag": 1, "change_message": "[{\"added\": {}}]"}}, {"model": "admin.logentry", "pk": 41, "fields": {"action_time": "2025-01-19T15:03:06.990Z", "user": ["neele"], "content_type": ["Train_Travel_app", "station"], "object_id": "41", "object_repr": "Gwalior Jn", "action_flag": 1, "change_message": "[{\"added\": {}}]"}}, {"model": "admin.logentry", "pk": 42, "fields": {"action_time": "2025-01-19T15:03:33.616Z", "user": ["neele"], "content_type": ["Train_Travel_app", "station"], "object_id": "42", "object_repr": "Dabra", "action_flag": 1, "change_message": "[{\"added\": {}}]"}}, {"model": "admin.logentry", "pk": 43, "fields": {"action_time": "2025-01-19T15:03:49.361Z", "user": ["neele"], "content_type": ["Train_Travel_app", "station"], "object_id": "43", "object_repr": "Datia", "action_flag": 1, "change_message": "[{\"added\": {}}]"}}, {"model": "admin.logentry", "pk": 44, "fields": {"action_time": "2025-01-19T15:04:03.573Z", "user": ["neele"], "content_type": ["Train_Travel_app", "station"], "object_id": "44", "object_repr": "Jhanshi", "action_flag": 1, "change_message": "[{\"added\": {}}]"}}, {"model": "admin.logentry", "pk": 45, "fields": {"action_time": "2025-01-19T15:04:19.184Z", "user": ["neele"], "content_type": ["Train_Travel_app", "station"], "object_id": "45", "object_repr": "Niwari", "action_flag": 1, "change_message": "[{\"added\": {}}]"}}, {"model": "admin.logentry", "pk": 46, "fields": {"action_time": "2025-01-19T15:04:32.096Z", "user": ["neele"], "content_type": ["Train_Travel_app", "station"], "object_id": "46", "object_repr": "Mau Ranipur", "action_flag": 1, "change_message": "[{\"added\": {}}]"}}, {"model": "admin.logentry", "pk": 47, "fields": {"action_time": "2025-01-19T15:04:56.871Z", "user": ["neele"], "content_type": ["Train_Travel_app", "station"], "object_id": "47", "object_repr": "Harpalpur", "action_flag": 1, "change_message": "[{\"added\": {}}]"}}, {"model": "admin.logentry", "pk": 48, "fields": {"action_time": "2025-01-19T15:05:13.933Z", "user": ["neele"], "content_type": ["Train_Travel_app", "station"], "object_id": "48", "object_repr": "Bela Tal", "action_flag": 1, "change_message": "[{\"added\": {}}]"}}, {"model": "admin.logentry", "pk": 49, "fields": {"action_time": "2025-01-19T15:05:30.343Z", "user": ["neele"], "content_type": ["Train_Travel_app", "station"], "object_id": "49", "object_repr": "Mahoba Jn", "action_flag": 1, "change_message": "[{\"added\": {}}]"}}, {"model": "admin.logentry", "pk": 50, "fields": {"action_time": "2025-01-19T15:05:46.787Z", "user": ["neele"], "content_type": ["Train_Travel_app", "station"], "object_id": "50", "object_repr": "Banda Jn", "action_flag": 1, "change_message": "[{\"added\": {}}]"}}, {"model": "admin.logentry", "pk": 51, "fields": {"action_time": "2025-01-19T15:06:01.918Z", "user": ["neele"], "content_type": ["Train_Travel_app", "station"], "object_id": "51", "object_repr": "Atarra", "action_flag": 1, "change_message": "[{\"added\": {}}]"}}, {"model": "admin.logentry", "pk": 52, "fields": {"action_time": "2025-01-19T15:06:33.256Z", "user": ["neele"], "content_type": ["Train_Travel_app", "station"], "object_id": "52", "object_repr": "Chitrakot", "action_flag": 1, "change_message": "[{\"added\": {}}]"}}, {"model": "admin.logentry", "pk": 53, "fields": {"action_time": "2025-01-19T15:06:48.806Z", "user": ["neele"], "content_type": ["Train_Travel_app", "station"], "object_id": "53", "object_repr": "Majhgawan", "action_flag": 1, "change_message": "[{\"added\": {}}]"}}, {"model": "admin.logentry", "pk": 54, "fields": {"action_time": "2025-01-19T15:07:11.661Z", "user": ["neele"], "content_type": ["Train_Travel_app", "station"], "object_id": "54", "object_repr": "Jaitwar", "action_flag": 1, "change_message": "[{\"added\": {}}]"}}, {"model": "admin.logentry", "pk": 55, "fields": {"action_time": "2025-01-19T15:07:25.973Z", "user": ["neele"], "content_type": ["Train_Travel_app", "station"], "object_id": "55", "object_repr": "Satna Jn", "action_flag": 1, "change_message": "[{\"added\": {}}]"}}, {"model": "admin.logentry", "pk": 56, "fields": {"action_time": "2025-01-19T15:07:41.890Z", "user": ["neele"], "content_type": ["Train_Travel_app", "station"], "object_id": "56", "object_repr": "Maihar", "action_flag": 1, "change_message": "[{\"added\": {}}]"}}, {"model": "admin.logentry", "pk": 57, "fields": {"action_time": "2025-01-19T15:07:55.779Z", "user": ["neele"], "content_type": ["Train_Travel_app", "station"], "object_id": "57", "object_repr": "Katni Jn", "action_flag": 1, "change_message": "[{\"added\": {}}]"}}, {"model": "admin.logentry", "pk": 58, "fields": {"action_time": "2025-01-19T15:08:10.223Z", "user": ["neele"], "content_type": ["Train_Travel_app", "station"], "object_id": "58", "object_repr": "Sihora Road", "action_flag": 1, "change_message": "[{\"added\": {}}]"}}, {"model": "admin.logentry", "pk": 59, "fields": {"action_time": "2025-01-19T15:08:42.399Z", "user": ["neele"], "content_type": ["Train_Travel_app", "station"], "object_id": "59", "object_repr": "Jabalpur", "action_flag": 1, "change_message": "[{\"added\": {}}]"}}, {"model": "admin.logentry", "pk": 60, "fields": {"action_time": "2025-01-19T15:32:05.761Z", "user": ["neele"], "content_type": ["Train_Travel_app", "train"], "object_id": "1", "object_repr": "12190 - Mahakoshal Express", "action_flag": 1, "change_message": "[{\"added\": {}}, {\"added\": {\"name\": \"train station\", \"object\": \"12190 - Mahakoshal Express - Hazrat Nizamuddin - Platform: 8\"}}, {\"added\": {\"name\": \"train station\", \"object\": \"12190 - Mahakoshal Express - Ballabgarh - Platform: 4\"}}, {\"added\": {\"name\": \"train station\", \"object\": \"12190 - Mahakoshal Express - Palwal - Platform: 5\"}}, {\"added\": {\"name\": \"train station\", \"object\": \"12190 - Mahakoshal Express - Kosi Kalan - Platform: 3\"}}, {\"added\": {\"name\": \"train station\", \"object\": \"12190 - Mahakoshal Express - Mathura Jn - Platform: 1\"}}, {\"added\": {\"name\": \"train station\", \"object\": \"12190 - Mahakoshal Express - Raja Ki Mandi - Platform: 2\"}}, {\"added\": {\"name\": \"train station\", \"object\": \"12190 - Mahakoshal Express - Agra Cantt - Platform: 1\"}}, {\"added\": {\"name\": \"train station\", \"object\": \"12190 - Mahakoshal Express - Dhaulpur - Platform: 4\"}}, {\"added\": {\"name\": \"train station\", \"object\": \"12190 - Mahakoshal Express - Morena - Platform: 1\"}}, {\"added\": {\"name\": \"train station\", \"object\": \"12190 - Mahakoshal Express - Gwalior Jn - Platform: 1\"}}, {\"added\": {\"name\": \"train station\", \"object\": \"12190 - Mahakoshal Express - Dabra - Platform: 2\"}}, {\"added\": {\"name\": \"train station\", \"object\": \"12190 - Mahakoshal Express - Datia - Platform: 2\"}}, {\"added\": {\"name\": \"train station\", \"object\": \"12190 - Mahakoshal Express - Jhanshi - Platform: 2\"}}, {\"added\": {\"name\": \"train station\", \"object\": \"12190 - Mahakoshal Express - Niwari - Platform: 1\"}}, {\"added\": {\"name\": \"train station\", \"object\": \"12190 - Mahakoshal Express - Mau Ranipur - Platform: 2\"}}, {\"added\": {\"name\": \"train station\", \"object\": \"12190 - Mahakoshal Express - Harpalpur - Platform: 1\"}}, {\"added\": {\"name\": \"train station\", \"object\": \"12190 - Mahakoshal Express - Bela Tal - Platform: 1\"}}, {\"added\": {\"name\": \"train station\", \"object\": \"12190 - Mahakoshal Express - Mahoba Jn - Platform: 1\"}}, {\"added\": {\"name\": \"train station\", \"object\": \"12190 - Mahakoshal Express - Banda Jn - Platform: 1\"}}, {\"added\": {\"name\": \"train station\", \"object\": \"12190 - Mahakoshal Express - Atarra - Platform: 1\"}}, {\"added\": {\"name\": \"train station\", \"object\": \"12190 - Mahakoshal Express - Chitrakot - Platform: 1\"}}, {\"added\": {\"name\": \"train station\", \"object\": \"12190 - Mahakoshal Express - Majhgawan - Platform: 1\"}}, {\"added\": {\"name\": \"train station\", \"object\": \"12190 - Mahakoshal Express - Jaitwar - Platform: 1\"}}, {\"added\": {\"name\": \"train station\", \"object\": \"12190 - Mahakoshal Express - Satna Jn - Platform: 1\"}}, {\"added\": {\"name\": \"train station\", \"object\": \"12190 - Mahakoshal Express - Maihar - Platform: 2\"}}, {\"added\": {\"name\": \"train station\", \"object\": \"12190 - Mahakoshal Express - Katni Jn - Platform: 5\"}}, {\"added\": {\"name\": \"train station\", \"object\": \"12190 - Mahakoshal Express - Sihora Road - Platform: 2\"}}, {\"added\": {\"name\": \"train station\", \"object\": \"12190 - Mahakoshal Express - Jabalpur - Platform: 3\"}}]"}}, {"model": "admin.logentry", "pk": 61, "fields": {"action_time": "2025-01-19T16:33:55.790Z", "user": ["neele"], "content_type": ["Train_Travel_app", "train"], "object_id": "2", "object_repr": "12448 - Uttar Pradesh Sampark kranti Express", "action_flag": 1, "change_message": "[{\"added\": {}}, {\"added\": {\"name\": \"train station\", \"object\": \"12448 - Uttar Pradesh Sampark kranti Express - Hazrat Nizamuddin - Platform: 6\"}}, {\"added\": {\"name\": \"train station\", \"object\": \"12448 - Uttar Pradesh Sampark kranti Express - Mathura Jn - Platform: 1\"}}, {\"added\": {\"name\": \"train station\", \"object\": \"12448 - Uttar Pradesh Sampark kranti Express - Agra Cantt - Platform: 2\"}}, {\"added\": {\"name\": \"train station\", \"object\": \"12448 - Uttar Pradesh Sampark kranti Express - Jhanshi - Platform: 1\"}}, {\"added\": {\"name\": \"train station\", \"object\": \"12448 - Uttar Pradesh Sampark kranti Express - Mau Ranipur - Platform: 2\"}}, {\"added\": {\"name\": \"train station\", \"object\": \"12448 - Uttar Pradesh Sampark kranti Express - Harpalpur - Platform: 1\"}}, {\"added\": {\"name\": \"train station\", \"object\": \"12448 - Uttar Pradesh Sampark kranti Express - Kulpahar - Platform: 1\"}}, {\"added\": {\"name\": \"train station\", \"object\": \"12448 - Uttar Pradesh Sampark kranti Express - Mahoba Jn - Platform: 1\"}}, {\"added\": {\"name\": \"train station\", \"object\": \"12448 - Uttar Pradesh Sampark kranti Express - Banda Jn - Platform: 1\"}}, {\"added\": {\"name\": \"train station\", \"object\": \"12448 - Uttar Pradesh Sampark kranti Express - Atarra - Platform: 1\"}}, {\"added\": {\"name\": \"train station\", \"object\": \"12448 - Uttar Pradesh Sampark kranti Express - Bharat Kup - Platform: 1\"}}, {\"added\": {\"name\": \"train station\", \"object\": \"12448 - Uttar Pradesh Sampark kranti Express - Shivrampur - Platform: 1\"}}, {\"added\": {\"name\": \"train station\", \"object\": \"12448 - Uttar Pradesh Sampark kranti Express - Chitrakot - Platform: 1\"}}, {\"added\": {\"name\": \"train station\", \"object\": \"12448 - Uttar Pradesh Sampark kranti Express - Manikpur Junction - Platform: 4\"}}]"}}]
